{"cameraMode":{"drawMode":0,"name":"Shaded","section":"Shading Mode"},"sceneLighting":false,"audioPlay":false,"sceneViewState":{"m_AlwaysRefresh":false,"showFog":true,"showSkybox":false,"showFlares":true,"showImageEffects":true,"showParticleSystems":true,"showVisualEffectGraphs":true,"m_FxEnabled":true},"in2DMode":false,"pivot":{"x":-0.03769306838512421,"y":4.0820817947387699,"z":7.3888397216796879},"rotation":{"x":-0.09837567806243897,"y":0.6694287657737732,"z":-0.09011446684598923,"w":-0.7307997345924377},"size":0.10104842483997345,"orthographic":false}